<?xml version="1.0" encoding="UTF-8"?>

<mule xmlns:dw="http://www.mulesoft.org/schema/mule/ee/dw" xmlns:db="http://www.mulesoft.org/schema/mule/db" xmlns:metadata="http://www.mulesoft.org/schema/mule/metadata" xmlns:json="http://www.mulesoft.org/schema/mule/json" xmlns:http="http://www.mulesoft.org/schema/mule/http" xmlns:tracking="http://www.mulesoft.org/schema/mule/ee/tracking" xmlns="http://www.mulesoft.org/schema/mule/core" xmlns:doc="http://www.mulesoft.org/schema/mule/documentation"
	xmlns:spring="http://www.springframework.org/schema/beans" 
	xmlns:xsi="http://www.w3.org/2001/XMLSchema-instance"
	xsi:schemaLocation="http://www.springframework.org/schema/beans http://www.springframework.org/schema/beans/spring-beans-current.xsd
http://www.mulesoft.org/schema/mule/core http://www.mulesoft.org/schema/mule/core/current/mule.xsd
http://www.mulesoft.org/schema/mule/http http://www.mulesoft.org/schema/mule/http/current/mule-http.xsd
http://www.mulesoft.org/schema/mule/ee/tracking http://www.mulesoft.org/schema/mule/ee/tracking/current/mule-tracking-ee.xsd
http://www.mulesoft.org/schema/mule/db http://www.mulesoft.org/schema/mule/db/current/mule-db.xsd
http://www.mulesoft.org/schema/mule/json http://www.mulesoft.org/schema/mule/json/current/mule-json.xsd
http://www.mulesoft.org/schema/mule/ee/dw http://www.mulesoft.org/schema/mule/ee/dw/current/dw.xsd">
    <http:listener-config name="HTTP_Listener_Configuration" host="0.0.0.0" port="8084" doc:name="HTTP Listener Configuration"/>
    <db:mysql-config name="MySQL_Configuration" host="mudb.mulesoft-training.com" port="3306" user="mule" password="mule" database="training" doc:name="MySQL Configuration"/>
    <flow name="messageFlow">
        <http:listener config-ref="HTTP_Listener_Configuration" path="/message" allowedMethods="GET" doc:name="HTTP"/>
        <set-payload value="#['Message!']" doc:name="Set Payload"/>
    </flow>
    <flow name="accountsFlow">
        <http:listener config-ref="HTTP_Listener_Configuration" path="/accounts" doc:name="HTTP"/>
        <set-payload value="#['welcome!! This is account Flow']" doc:name="Set Payload"/>
    </flow>
    <flow name="mavenFlow">
        <http:listener config-ref="HTTP_Listener_Configuration" path="/flights" allowedMethods="GET" doc:name="HTTP"/>
        <db:select config-ref="MySQL_Configuration" doc:name="Database">
            <db:parameterized-query><![CDATA[select * from flights]]></db:parameterized-query>
        </db:select>
        <json:object-to-json-transformer doc:name="Object to JSON"/>
    </flow>
    <flow name="getInventoryStatusFlow">
        <http:listener config-ref="HTTP_Listener_Configuration" path="/inventory" allowedMethods="GET" doc:name="HTTP" metadata:id="0db06559-7382-45fa-a1c8-e4156c9738bd"/>
        <set-payload value="#[{&quot;message &quot; : &quot; This Message is coming from Inventory Flow&quot;}]
" mimeType="application/json" doc:name="Set Payload"/>
    </flow>
</mule>
